Title,Date
"Mar de la Tranquilidad: Temporada 1: Luna","02/01/22"
"Mar de la Tranquilidad: Temporada 1: La llave para la salvación","02/01/22"
"Mar de la Tranquilidad: Temporada 1: Almacén secreto","02/01/22"
"Mar de la Tranquilidad: Temporada 1: La verdad es descubierta","02/01/22"
"Mar de la Tranquilidad: Temporada 1: Causa de muerte","02/01/22"
"Mar de la Tranquilidad: Temporada 1: Tres almacenes","02/01/22"
"Mar de la Tranquilidad: Temporada 1: Estación de Investigación Lunar Balhae","02/01/22"
"La fuerza de la naturaleza","01/01/22"
"Obsesión secreta","01/01/22"
"Sueño mortal","01/01/22"
"Perdida","01/01/22"
"La intérprete","30/12/21"
"El asesino de las postales","30/12/21"
"Crimen perfecto","28/12/21"
"Guerra de papás 2","27/12/21"
"Dulce hogar: Temporada 1: Episodio 8","27/12/21"
"Dulce hogar: Temporada 1: Episodio 7","27/12/21"
"Dulce hogar: Temporada 1: Episodio 6","27/12/21"
"Dulce hogar: Temporada 1: Episodio 5","27/12/21"
"Dulce hogar: Temporada 1: Episodio 4","27/12/21"
"Dulce hogar: Temporada 1: Episodio 3","27/12/21"
"Dulce hogar: Temporada 1: Episodio 2","27/12/21"
"Dulce hogar: Temporada 1: Episodio 1","27/12/21"
"Misterio","26/12/21"
"El Grinch","26/12/21"
"Marley y yo","26/12/21"
"Colonia","26/12/21"
"Las plagas de Breslavia","26/12/21"
"Geo-Tormenta","24/12/21"
"No miren arriba","24/12/21"
"Cazar asesinos: Temporada 1: Mentiras verdaderas (Parte 2): El asesino de la carita feliz","24/12/21"
"Cazar asesinos: Temporada 1: Mentiras verdaderas (Parte 1): El asesino de la carita feliz","24/12/21"
"Estación zombie: Tren a Busan","23/12/21"
"Cazar asesinos: Temporada 1: Cacería de hombres: Aileen Wuornos","23/12/21"
"Cazar asesinos: Temporada 1: El número de muertes: El asesino de Green River","23/12/21"
"La llegada","21/12/21"
"Infierno en la tormenta","21/12/21"
"Fatale","18/12/21"
"No confíes en nadie","18/12/21"
"Si yo tuviera 30","18/12/21"
"Corazón de caballero","17/12/21"
"Elysium","15/12/21"
"John Wick 3: Parabellum","15/12/21"
"Sector 9","15/12/21"
"Celular","15/12/21"
"Atrápame si puedes","12/12/21"
"Madagascar","12/12/21"
"¡Sí, señor!","11/12/21"
"Infectados","11/12/21"
"Imperdonable","10/12/21"
"Liga de la Justicia","09/12/21"
"Anon","08/12/21"
"Área 51","07/12/21"
"El final de todo","06/12/21"
"El último cazador de brujas","06/12/21"
"Troya","06/12/21"
"Mi novia Polly","04/12/21"
"Boogeyman - El nombre del miedo","03/12/21"
"La última noche de la humanidad","02/12/21"
"La casa de los abuelos","02/12/21"
"El poder del perro","01/12/21"
"Ouija","26/11/21"
"Rumbo al infierno: Temporada 1: Episodio 6","25/11/21"
"Rumbo al infierno: Temporada 1: Episodio 5","25/11/21"
"Rumbo al infierno: Temporada 1: Episodio 4","25/11/21"
"Hacia el lago: Temporada 1: Episodio 8","24/11/21"
"Hacia el lago: Temporada 1: Episodio 7","24/11/21"
"Hacia el lago: Temporada 1: Episodio 6","24/11/21"
"Hacia el lago: Temporada 1: Episodio 5","23/11/21"
"Misterio a bordo","23/11/21"
"Black Mirror: Temporada 3: San Junípero","21/11/21"
"Rumbo al infierno: Temporada 1: Episodio 3","21/11/21"
"Rumbo al infierno: Temporada 1: Episodio 2","21/11/21"
"Black Mirror: Temporada 1: Toda tu historia","20/11/21"
"Black Mirror: Temporada 4: Crocodile","20/11/21"
"Black Mirror: Temporada 4: Metalhead","20/11/21"
"Black Mirror: Temporada 4: Arkangel","20/11/21"
"Black Mirror: Temporada 3: El hombre contra el fuego","20/11/21"
"Hacia el lago: Temporada 1: Episodio 4","20/11/21"
"Hacia el lago: Temporada 1: Episodio 3","20/11/21"
"Hacia el lago: Temporada 1: Episodio 2","19/11/21"
"Hacia el lago: Temporada 1: Episodio 1","19/11/21"
"Premoniciones","19/11/21"
"Ouija: El origen del mal","19/11/21"
"Rumbo al infierno: Temporada 1: Episodio 1","19/11/21"
"La leyenda de Tarzán","18/11/21"
"El gran asalto","17/11/21"
"Jobs","16/11/21"
"Alerta roja","15/11/21"
"¡Qué duro es el amor!","15/11/21"
"El puente maldito","15/11/21"
"Sputnik: Extraño pasajero","15/11/21"
"Día de los enamorados","15/11/21"
"El experimento fantasma","10/11/21"
"Golpe de suerte","10/11/21"
"Puertas al infierno","10/11/21"
"Te amaré por siempre","09/11/21"
"La chica en la telaraña","07/11/21"
"300: El nacimiento de un imperio","06/11/21"
"31 Minutos: Temporada 4: La Mona Lisa","06/11/21"
"300","05/11/21"
"Furia de titanes 2","05/11/21"
"Las locuras de Dick y Jane","05/11/21"
"Terapia del miedo","04/11/21"
"El Irlandés","02/11/21"
"Madagascar 3: Los fugitivos","01/11/21"
"Eres mía","01/11/21"
"21: Blackjack","30/10/21"
"El ejército de los muertos","30/10/21"
"El ejército de los ladrones","30/10/21"
"Abc de amor","28/10/21"
"Vanilla Sky","28/10/21"
"Hipnótico","28/10/21"
"Fauces de la noche","27/10/21"
"El viaje","26/10/21"
"La maldición de Chucky","24/10/21"
"Chucky, el muñeco diabólico 2","24/10/21"
"Temple","24/10/21"
"Locura de amor en Las Vegas","24/10/21"
"Guerra de los mundos","23/10/21"
"Django sin cadenas","22/10/21"
"La batalla olvidada","22/10/21"
"Keeping Up with the Kardashians: Temporada 5: El anillo perdido","18/10/21"
"Keeping Up with the Kardashians: Temporada 5: Cita a ciegas","18/10/21"
"Keeping Up with the Kardashians: Temporada 5: Fiesta en casa de Kim","18/10/21"
"Keeping Up with the Kardashians: Temporada 6: La familia frente al dinero","18/10/21"
"Cartas a Julieta","18/10/21"
"Hijos del odio","17/10/21"
"You: Temporada 3: Y vivieron felices para siempre","16/10/21"
"Zona de miedo","14/10/21"
"¿...Y dónde están las rubias?","13/10/21"
"Sr. y Sra. Smith","13/10/21"
"Titanes del Pacífico","13/10/21"
"IT (Eso)","12/10/21"
"Lucy","11/10/21"
"Venom","10/10/21"
"Encuentro explosivo","09/10/21"
"Ma","09/10/21"
"Hay alguien en tu casa","09/10/21"
"Megamente","08/10/21"
"Rescatando al soldado Ryan","07/10/21"
"El efecto mariposa","07/10/21"
"El rito","07/10/21"
"Culpable","03/10/21"
"Nadie sale con vida","30/09/21"
"Festival de la Canción de Eurovisión: La historia de Fire Saga","28/09/21"
"Intrusión","26/09/21"
"Patines de plata","24/09/21"
"Alice in Borderland: Temporada 1: Episodio 3","24/09/21"
"Alice in Borderland: Temporada 1: Episodio 2","24/09/21"
"Alice in Borderland: Temporada 1: Episodio 1","24/09/21"
"No respires","22/09/21"
"War Machine","20/09/21"
"El barco fantasma","20/09/21"
"Black Mirror: Temporada 4: USS Callister","19/09/21"
"El juego del calamar: Temporada 1: Un día de suerte","19/09/21"
"El juego del calamar: Temporada 1: El líder","19/09/21"
"El juego del calamar: Temporada 1: Los VIP","19/09/21"
"El juego del calamar: Temporada 1: Gganbu","19/09/21"
"El juego del calamar: Temporada 1: Un mundo justo","19/09/21"
"El juego del calamar: Temporada 1: No abandones el equipo","19/09/21"
"El juego del calamar: Temporada 1: El hombre del paraguas","18/09/21"
"El juego del calamar: Temporada 1: Infierno","18/09/21"
"El juego del calamar: Temporada 1: Luz roja, luz verde","18/09/21"
"La maldición de la soga 2","18/09/21"
"Propuesta de año bisiesto","18/09/21"
"Black Mirror: Temporada 4: Hang the DJ","17/09/21"
"Kate","17/09/21"
"Pasajeros","16/09/21"
"Gran tiburón blanco","16/09/21"
"Rango","16/09/21"
"La Dictadura Perfecta","15/09/21"
"El protector","15/09/21"
"Black Mirror: Temporada 3: Partida","14/09/21"
"Las mujeres y el asesino","14/09/21"
"Los juegos del Hambre: Sinsajo (Parte 2)","14/09/21"
"Los juegos del Hambre: Sinsajo (Parte 1)","13/09/21"
"Los juegos del hambre: En llamas","12/09/21"
"Terremoto: La falla de San Andrés","12/09/21"
"Blair Witch","11/09/21"
"Presas","10/09/21"
"Mar abierto","10/09/21"
"Golpe bajo: El juego final","09/09/21"
"Y mañana el mundo entero","09/09/21"
"Furia de titanes","09/09/21"
"Non-Stop: Sin escalas","08/09/21"
"Mi maestro el pulpo","08/09/21"
"El precio del mañana","07/09/21"
"Noé","06/09/21"
"Slender Man","06/09/21"
"Invasión: El fin de los tiempos","05/09/21"
"Punto de inflexión: El 11S y la guerra contra el terrorismo: Temporada 1: El cementerio de los imperios","03/09/21"
"Punto de inflexión: El 11S y la guerra contra el terrorismo: Temporada 1: La guerra buena","03/09/21"
"Punto de inflexión: El 11S y la guerra contra el terrorismo: Temporada 1: El lado oscuro","03/09/21"
"Punto de inflexión: El 11S y la guerra contra el terrorismo: Temporada 1: Un lugar inseguro","03/09/21"
"Punto de inflexión: El 11S y la guerra contra el terrorismo: Temporada 1: Las señales de alerta","03/09/21"
"Shrek","01/09/21"
"Spider-Man: De regreso a casa","31/08/21"
"La 8.ª noche","31/08/21"
"Batman: El caballero de la noche","29/08/21"
"Ocultos por la Luna","27/08/21"
"Blade Runner 2049","27/08/21"
"Memorias de un asesino: Las cintas de Nilsen","27/08/21"
"Las formas antiguas","26/08/21"
"A Fall from Grace","25/08/21"
"Bullet Head","25/08/21"
"Guerra de novias","25/08/21"
"Monster House: La casa de los sustos","24/08/21"
"La guardería de papá","21/08/21"
"Guerra de papás","21/08/21"
"Inactividad paranormal","20/08/21"
"La niñera","20/08/21"
"Aguas que corroen","20/08/21"
"Legión de ángeles","20/08/21"
"Sin rastro","20/08/21"
"Masacre en Texas: Herencia maldita","20/08/21"
"Chicas pesadas","19/08/21"
"Diario de una pasión","19/08/21"
"Los intrusos","19/08/21"
"La isla negra","19/08/21"
"Anna Karenina","17/08/21"
"Desobediencia","17/08/21"
"La posesión de Grace","16/08/21"
"Beckett","15/08/21"
"Oxígeno","15/08/21"
"1994: Miniserie: Revolución","15/08/21"
"1994: Miniserie: El Sucesor","14/08/21"
"Elize Matsunaga: Érase una vez un crimen: Temporada 1: Ecos de un crimen","13/08/21"
"Elize Matsunaga: Érase una vez un crimen: Temporada 1: La desafortunada idea de Elize","12/08/21"
"Elize Matsunaga: Érase una vez un crimen: Temporada 1: Una vida de princesa","12/08/21"
"Elize Matsunaga: Érase una vez un crimen: Temporada 1: Estado civil: viuda","12/08/21"
"Voces","11/08/21"
"Frankenstein de Mary Shelley","10/08/21"
"Ovnis: Proyectos de alto secreto desclasificados: Temporada 1: El misterioso Proyecto Libro Azul","10/08/21"
"Cuando los ángeles duermen","09/08/21"
"Pequeño demonio","09/08/21"
"La nube","08/08/21"
"Las dos reinas","08/08/21"
"Al otro lado del mundo","07/08/21"
"El exorcismo de Emily Rose","07/08/21"
"Mudanza mortal","06/08/21"
"Soy la cosa bella que vive en esta casa","03/08/21"
"Nadie duerme en el bosque esta noche","03/08/21"
"La calle del terror (Parte 1): 1994","03/08/21"
"Ten cuidado a quién llamas","03/08/21"
"Mi vida","03/08/21"
"La última carta de amor","03/08/21"
"Nuestra última aventura","31/07/21"
"Atleta A","31/07/21"
"La clásica historia de terror","29/07/21"
"Maldición en el tercer piso","29/07/21"
"2012","28/07/21"
"Retratos de una guerra","28/07/21"
"El camino hacia El Dorado","28/07/21"
"Cielo rojo sangre","26/07/21"
"Mad Max: Furia en el camino","22/07/21"
"La ley de Herodes","21/07/21"
"Countdown to Death: Pablo Escobar","20/07/21"
"Narcos: Temporada 1: Descenso","20/07/21"
"La Línea: La sombra del narco: Miniserie: Episodio 4","20/07/21"
"La Línea: La sombra del narco: Miniserie: Episodio 3","20/07/21"
"La Línea: La sombra del narco: Miniserie: Episodio 2","20/07/21"
"La Línea: La sombra del narco: Miniserie: Episodio 1","20/07/21"
"Capos de la droga: Temporada 1: Frank Lucas y los Country Boys: reyes de la heroína en Nueva York","19/07/21"
"Capos de la droga: Temporada 1: El cartel de Cali","18/07/21"
"Capos de la droga: Temporada 1: Pablo Escobar","18/07/21"
"Capos de la droga: Temporada 2: Klaas Bruinsma: el rey europeo del hachís","18/07/21"
"Capos de la droga: Temporada 2: Christopher Coke: el príncipe narco de Jamaica","18/07/21"
"Capos de la droga: Temporada 2: Jemeker Thompson: La reina del crack en Los Ángeles.","18/07/21"
"Capos de la droga: Temporada 2: El Chapo","18/07/21"
"Doom: La puerta del infierno","18/07/21"
"Cambio radical","18/07/21"
"Dope: Temporada 2: En este negocio no hay amigos, solo enemigos","18/07/21"
"Dope: Temporada 3: Esto no es Miami Vice","18/07/21"
"Dope: Temporada 3: Sin cara, no hay caso","18/07/21"
"Dope: Temporada 3: Dios, perdóname por eso","17/07/21"
"Dope: Temporada 3: El truco más viejo del diablo","17/07/21"
"Los más buscados del mundo: Temporada 1: Semion Mogilevich: El capo de todos los capos rusos","17/07/21"
"Reas: Temporada 1: Vestidas de naranja","17/07/21"
"Historias del narcomundo: Temporada 1: Matar o morir","17/07/21"
"Entre los verdaderos Narcos: Temporada 1: Perú","16/07/21"
"Entre los verdaderos Narcos: Temporada 1: Colombia","16/07/21"
"Entre los verdaderos Narcos: Temporada 1: México","16/07/21"
"Cásese quien pueda","16/07/21"
"Cómo entrenar a tu dragón 3","12/07/21"
"Noticias del gran mundo","08/07/21"
"Black Mirror: Temporada 4: Black Museum","07/07/21"
"Black Mirror: Temporada 3: Caída en picada","07/07/21"
"Las chicas Gilmore: Temporada 1: Piloto","07/07/21"
"El diario de Bridget Jones","07/07/21"
"El bebé de Bridget Jones","06/07/21"
"Sully: Hazaña en el Hudson","06/07/21"
"El sustituto","05/07/21"
"Shrek 2","04/07/21"
"Inferno","04/07/21"
"Hasta el hueso","04/07/21"
"Capitán Phillips","04/07/21"
"El empleado nocturno","02/07/21"
"Quédate a mi lado","02/07/21"
"El juicio de los 7 de Chicago","02/07/21"
"Closer: Llevados por el deseo","02/07/21"
"LA NOVIA","02/07/21"
"iCarly: Temporada 1: iPilot","30/06/21"
"Mi primer beso","27/06/21"
"Secreto en la montaña","26/06/21"
"Conversaciones con asesinos: Las cintas de Ted Bundy: Miniserie: Apuesto demonio","23/06/21"
"Amores, enredos y una boda","23/06/21"
"¿Conocen a Joe Black?","23/06/21"
"Jeffrey Epstein: Asquerosamente rico: Miniserie: Voces escuchadas","22/06/21"
"Jeffrey Epstein: Asquerosamente rico: Miniserie: La isla","22/06/21"
"Jeffrey Epstein: Asquerosamente rico: Miniserie: Sigue la pista del dinero","22/06/21"
"Jeffrey Epstein: Asquerosamente rico: Miniserie: Zonas de caza","22/06/21"
"Seguridad","21/06/21"
"Kardec","20/06/21"
"Paternidad","20/06/21"
"Parque Jurásico","20/06/21"
"Parque Jurásico III","20/06/21"
"Perfectos desconocidos","20/06/21"
"Making a Murderer: Parte 1: Dieciocho años perdidos","20/06/21"
"La libertad del diablo","19/06/21"
"Élite: Temporada 4: El nuevo orden","18/06/21"
"A United Kingdom","17/06/21"
"El dragón de la tetera","17/06/21"
"El silencio","17/06/21"
"Un lugar en silencio","16/06/21"
"El regreso del demonio","15/06/21"
"El autor","14/06/21"
"Rebeca","13/06/21"
"Selva trágica","13/06/21"
"Verónica","12/06/21"
"Descuida, yo te cuido","12/06/21"
"Diamantes en bruto","12/06/21"
"Su último deseo","12/06/21"
"El caso Watts: El padre homicida","12/06/21"
"El diablo a todas horas","12/06/21"
"Annabelle 2: La creación","12/06/21"
"Señorita J","12/06/21"
"La maldición de Hill House: The Haunting of Hill House: Ataúd abierto","11/06/21"
"La maldición de Hill House: The Haunting of Hill House: Steven ve un fantasma","10/06/21"
"Disomnia","09/06/21"
"Quien a hierro mata","08/06/21"
"Paranormal Investigation","08/06/21"
"Bird Box: A ciegas","07/06/21"
"Sweet Tooth: Temporada 1: Fuera del bosque","07/06/21"
"Historia de un matrimonio","06/06/21"
"Mercy","06/06/21"
"TAU","06/06/21"
"Romina","06/06/21"
"Vecinos en la mira","06/06/21"
"Mary Shelley","05/06/21"
"Lo imposible","05/06/21"
"La chica danesa","04/06/21"
"Travieso: De la mansión a la calle","02/06/21"
"Pieles","02/06/21"
"El juego de la fortuna","01/06/21"
"El contador de Auschwitz","29/05/21"
"Los pequeños traviesos","27/05/21"
"Paredes siniestras","27/05/21"
"Eliminar amigo 2","27/05/21"
"Pura sangre","26/05/21"
"Peter Pan","26/05/21"
"Un lugar llamado Notting Hill","25/05/21"
"Amor de calendario","25/05/21"
"Los huéspedes","25/05/21"
"Temblores","25/05/21"
"Tierra de zombies","23/05/21"
"La mujer en la ventana","23/05/21"
"Yo soy todas las niñas","23/05/21"
"La noche de la expiación","22/05/21"
"8 Mile: Calle de las ilusiones","22/05/21"
"Orgullo y prejuicio","21/05/21"
"Un pequeño favor","21/05/21"
"Tu primera vez","16/05/21"
"Ram Dass, Going Home","15/05/21"
"Monstruo","12/05/21"
"Tallulah","11/05/21"
"Tiempo compartido","09/05/21"
"Los hijos de Sam: Un descenso a los infiernos: Miniserie: Entre la bala y la pared","09/05/21"
"Los hijos de Sam: Un descenso a los infiernos: Miniserie: Hola desde las cloacas","09/05/21"
"Sospecha mortal","08/05/21"
"iBOY","08/05/21"
"Hater","08/05/21"
"I Am Mother","06/05/21"
"Después de la Tierra","05/05/21"
"Dime quién soy","05/05/21"
"Operación Overlord","05/05/21"
"Mudo","05/05/21"
"La apariencia de las cosas","05/05/21"
"La familia Mitchell vs. las máquinas","02/05/21"
"Te veo","01/05/21"
"El huésped","27/04/21"
"En carne propia: Los últimos días de Stefano Cucchi","25/04/21"
"El cuaderno de Sara","23/04/21"
"Pasajero inesperado","23/04/21"
"The Yard: Temporada 1: Parte 1: Episodio 1","23/04/21"
"HOMUNCULUS","23/04/21"
"Siete años en el Tíbet","23/04/21"
"Anaconda","23/04/21"
"Mira, la chica del tren","22/04/21"
"Lavender","21/04/21"
"Su casa","21/04/21"
"The Doll 2","21/04/21"
"Nuestro mal","21/04/21"
"Mom","21/04/21"
"El practicante","21/04/21"
"Hogar","20/04/21"
"El miedo al 13","18/04/21"
"Madame Curie","18/04/21"
"Mentiras peligrosas","17/04/21"
"Durante la tormenta","17/04/21"
"Los últimos días del crimen","17/04/21"
"The Worthy","17/04/21"
"Historias de ida y vuelta: Temporada 1: Con armas y escudos","17/04/21"
"Historias de ida y vuelta: Temporada 1: Sé la mi*rda que digo","17/04/21"
"Historias de ida y vuelta: Temporada 1: Hacerse responsable","17/04/21"
"A Plastic Ocean","17/04/21"
"¿Por qué me mataron?","17/04/21"
"Amor y monstruos","17/04/21"
"El dilema de las redes sociales","14/04/21"
"Mamá","14/04/21"
"La venganza de la casa del lago","14/04/21"
"Clinical","14/04/21"
"Serpiente de cascabel","13/04/21"
"Mandy","13/04/21"
"Dos completos desconocidos","12/04/21"
"Las vueltas de la vida","12/04/21"
"Las ventajas de ser invisible","11/04/21"
"¿Cómo sobrevivir a mi ex?","11/04/21"
"Curve: La curva de la muerte","11/04/21"
"The Maus","11/04/21"
"La vida de David Gale","11/04/21"
"12 monos","11/04/21"
"Cercana obsesión","11/04/21"
"Erin Brockovich: Una mujer audaz","10/04/21"
"Krampus: El terror de la Navidad","10/04/21"
"La Tierra de noche: Miniserie: Luz de luna","10/04/21"
"Soldado anónimo","10/04/21"
"El amanecer de los muertos","09/04/21"
"Mentiroso, mentiroso","09/04/21"
"The Drowning","09/04/21"
"El hijo","08/04/21"
"Como si fuera la primera vez","08/04/21"
"Bajo la sombra","07/04/21"
"Lago Shimmer","07/04/21"
"Quiero robarme a la novia","07/04/21"
"Punto rojo","07/04/21"
"Rebirth","06/04/21"
"Ánimas","06/04/21"
"Hacker: Amenaza en la red","04/04/21"
"El rascacielos","04/04/21"
"La maldición de la abuela","04/04/21"
"Estación zombie 2: Península","03/04/21"
"Seaspiracy: La pesca insostenible","03/04/21"
"Voces del más allá","03/04/21"
"Cargo","03/04/21"
"Corre","02/04/21"
"Extraordinario","01/04/21"
"La marca del demonio","01/04/21"
"Riddick, el amo de la oscuridad","01/04/21"
"Cuenta bloqueada","31/03/21"
"First They Killed My Father","31/03/21"
"Haunted: Latinoamérica: Temporada 1: La casa maligna","31/03/21"
"Aniquilación","31/03/21"
"Triple frontera","30/03/21"
"Verónica","30/03/21"
"Las voces","30/03/21"
"Los asesinatos de Amityville","30/03/21"
"Beasts of No Nation","27/03/21"
"6 días","27/03/21"
"22 de julio","26/03/21"
"Jigsaw: El juego continúa","26/03/21"
"Emboscada final","26/03/21"
"Preso en su memoria","26/03/21"
"23:59","26/03/21"
"Hungerford","25/03/21"
"Jadotville","25/03/21"
"Robin Hood","24/03/21"
"La cacería","24/03/21"
"Réplicas","24/03/21"
"El canto del lobo","23/03/21"
"Presagio","22/03/21"
"#Vivo","21/03/21"
"Hospital","21/03/21"
"Inside","19/03/21"
"El expreso polar","19/03/21"
"Hostal: Parte III","19/03/21"
"El vínculo","19/03/21"
"Castillo de arena","19/03/21"
"Cazador de demonios","18/03/21"
"Ecos mortales","18/03/21"
"Battleship: Batalla naval","17/03/21"
"Halloween","17/03/21"
"El reino perdido de los piratas: Temporada 1: La república de los piratas","17/03/21"
"Impacto profundo","17/03/21"
"El reino perdido de los piratas: Temporada 1: La bandera negra","16/03/21"
"Beyond Skyline","16/03/21"
"Drácula: La historia jamás contada","16/03/21"
"Invasión del Mundo: Batalla Los Ángeles","15/03/21"
"Apóstol","15/03/21"
"El misterio de Block Island","13/03/21"
"En la mente criminal: Temporada 1: Asesinos en serie","13/03/21"
"Eventos de la Segunda Guerra Mundial a todo color: Temporada 1: Liberación de Buchenwald","13/03/21"
"Eventos de la Segunda Guerra Mundial a todo color: Temporada 1: Bombardeo de Dresde","13/03/21"
"La Segunda Guerra Mundial a todo color: World War II in Colour: Hitler ataca al este","13/03/21"
"Jumanji: En la selva","13/03/21"
"La caída del halcón negro","12/03/21"
"El títere","12/03/21"
"We, the Marines","12/03/21"
"La noche del demonio: Capítulo 3","12/03/21"
"Akelarre","11/03/21"
"Forrest Gump","10/03/21"
"Capitán de mar y guerra: La costa más lejana del mundo","10/03/21"
"El rey","10/03/21"
"La noche del demonio: La última llave","09/03/21"
"Legítimo rey","09/03/21"
"Operación final","09/03/21"
"El descanso","08/03/21"
"Misión de rescate","07/03/21"
"Centinela","07/03/21"
"Viene de noche","07/03/21"
"Soy un asesino: Temporada 2: Orden silenciosa","06/03/21"
"Lucha por la libertad","05/03/21"
"A la deriva","05/03/21"
"Hitch: Especialista en seducción","05/03/21"
"Extraña presencia","05/03/21"
"Soy un asesino: Temporada 2: Cruzar la línea","05/03/21"
"Soy un asesino: Temporada 2: Responsabilidad","05/03/21"
"Soy un asesino: Temporada 2: Joe el pirómano","05/03/21"
"La era samurái: La batalla por Japón: Temporada 1: Control total","05/03/21"
"La era samurái: La batalla por Japón: Temporada 1: Rey Demonio","05/03/21"
"La era samurái: La batalla por Japón: Temporada 1: Toma del poder","05/03/21"
"La era samurái: La batalla por Japón: Temporada 1: El ascenso de Nobunaga","05/03/21"
"Jurassic World: Mundo Jurásico","04/03/21"
"Cuando se rompe la rama","04/03/21"
"Guía Headspace para la meditación: Temporada 1: Cómo lidiar con el estrés","02/03/21"
"Cómo ser un latin lover","02/03/21"
"Soy un asesino: Temporada 2: Intenciones honestas","02/03/21"
"Soy un asesino: Temporada 2: Atrapada","01/03/21"
"Soy un asesino: Temporada 2: Un chico normal","01/03/21"
"Soy un asesino: Temporada 2: Ultraviolento","01/03/21"
"Soy un asesino: Temporada 2: En sus manos","01/03/21"
"Soy un asesino: Temporada 2: Algo espantoso","01/03/21"
"Soy un asesino: Temporada 1: Cuestión de vida o muerte","26/02/21"
"Soy un asesino: Temporada 1: Vivir con las consecuencias","26/02/21"
"The Perfection","25/02/21"
"Furia","25/02/21"
"Soy un asesino: Temporada 1: Cazador y presa","23/02/21"
"Soy un asesino: Temporada 1: Asunto familiar","23/02/21"
"Fractura","23/02/21"
"La cabaña del terror","22/02/21"
"Minimalism: A Documentary About the Important Things","22/02/21"
"Inside the World’s Toughest Prisons: Temporada 1: Polonia","22/02/21"
"Equinox: Temporada 1: Va a pasar de nuevo","22/02/21"
"Silencio","21/02/21"
"Mara","21/02/21"
"Stereo","21/02/21"
"Caso 39","20/02/21"
"Tumba abierta","20/02/21"
"Heridas","20/02/21"
"Inside the World’s Toughest Prisons: Temporada 3: Noruega: ¿La prisión perfecta?","20/02/21"
"A la mala","20/02/21"
"Shrek: Para siempre el capítulo final","19/02/21"
"Amityville: El Despertar","19/02/21"
"Bee Movie: La historia de una abeja","19/02/21"
"Cowspiracy:  El secreto de la sostenibilidad","19/02/21"
"Inside the World’s Toughest Prisons: Temporada 3: Rumania: Cárcel gitana","19/02/21"
"Inside the World’s Toughest Prisons: Temporada 3: Colombia: Narcoprisión","19/02/21"
"Inside the World’s Toughest Prisons: Temporada 3: Costa Rica: Una cárcel en el filo de la navaja","19/02/21"
"Inside the World’s Toughest Prisons: Temporada 4: Lesoto: La agresión sexual como moneda corriente","18/02/21"
"Inside the World’s Toughest Prisons: Temporada 4: Mauricio: La cárcel de los castigos inclementes","18/02/21"
"Pequeña gran vida","18/02/21"
"La designada ultrafea","18/02/21"
"Amigos con beneficios","17/02/21"
"Así en la Tierra como en el infierno","17/02/21"
"El cadáver","16/02/21"
"Unabomber: En sus propias palabras: Temporada 1: Episodio 4","16/02/21"
"Unabomber: En sus propias palabras: Temporada 1: Episodio 3","16/02/21"
"Unabomber: En sus propias palabras: Temporada 1: Episodio 2","16/02/21"
"Unabomber: En sus propias palabras: Temporada 1: Episodio 1","16/02/21"
"Marco Polo: Temporada 1: El viajero","16/02/21"
"Family Blood","16/02/21"
"Puertas abiertas","16/02/21"
"Bridget Jones: Al borde de la razón","16/02/21"
"Viral","15/02/21"
"Juego siniestro","15/02/21"
"La habitación","15/02/21"
"En el corazón del mar","15/02/21"
"Eventos de la Segunda Guerra Mundial a todo color: Temporada 1: Batalla de las Ardenas","15/02/21"
"El otro turismo: Temporada 1: De regreso en EE. UU.","15/02/21"
"El otro turismo: Temporada 1: África","15/02/21"
"El otro turismo: Temporada 1: Sureste de Asia","15/02/21"
"El otro turismo: Temporada 1: Europa","15/02/21"
"La maldición de la casa Winchester","15/02/21"
"Las vacaciones de Mr. Bean","14/02/21"
"Bob Esponja: La película","14/02/21"
"El otro turismo: Temporada 1: Asia Central","14/02/21"
"El otro turismo: Temporada 1: Estados Unidos","14/02/21"
"El otro turismo: Temporada 1: Japón","14/02/21"
"El otro turismo: Temporada 1: Latinoamérica","14/02/21"
"Truman Show: Historia de una vida","14/02/21"
"El cadáver de la novia","14/02/21"
"Escena del crimen: Desaparición en el hotel Cecil: Miniserie: Desaparecida en Los Ángeles","14/02/21"
"Guía Headspace para la meditación: Temporada 1: Cómo dejar atrás el estrés","13/02/21"
"Bárbaros: Temporada 1: El lobo y el águila","13/02/21"
"Eventos de la Segunda Guerra Mundial a todo color: Temporada 1: Día D","13/02/21"
"Eventos de la Segunda Guerra Mundial a todo color: Temporada 1: Asedio de Stalingrado","12/02/21"
"Kong: La isla calavera","12/02/21"
"Inside the World’s Toughest Prisons: Temporada 4: Alemania: Una prisión con terapia","12/02/21"
"Inside the World’s Toughest Prisons: Temporada 4: Paraguay: La cárcel más peligrosa del mundo","12/02/21"
"Inside the World’s Toughest Prisons: Temporada 5: Groenlandia: La prisión de hielo","12/02/21"
"Eventos de la Segunda Guerra Mundial a todo color: Temporada 1: Batalla de Midway","12/02/21"
"La Segunda Guerra Mundial a todo color: World War II in Colour: Gran Bretaña acorralada","12/02/21"
"Matrix: Recargado","12/02/21"
"Kung Fu Panda 2","12/02/21"
"Shrek tercero","11/02/21"
"Eventos de la Segunda Guerra Mundial a todo color: Temporada 1: Pearl Harbor","11/02/21"
"Las aventuras de Peabody y Sherman","10/02/21"
"Guía Headspace para la meditación: Temporada 1: Cómo empezar","10/02/21"
"Del estrés a la felicidad","10/02/21"
"Sobrevivir a la muerte: Temporada 1: Médiums (Parte 1)","10/02/21"
"Sobrevivir a la muerte: Temporada 1: Experiencias cercanas a la muerte","10/02/21"
"El teléfono","10/02/21"
"Guerra Mundial Z","09/02/21"
"La cumbre escarlata","09/02/21"
"La excavación","09/02/21"
"Dunkerque","09/02/21"
"Fragmentos de una mujer","08/02/21"
"Matrix","08/02/21"
"Amigos de armas","08/02/21"
"El Padrino: Parte II","07/02/21"
"La Segunda Guerra Mundial a todo color: World War II in Colour: La guerra relámpago","07/02/21"
"La Segunda Guerra Mundial a todo color: World War II in Colour: Se presagia una tormenta","07/02/21"
"La bruja","06/02/21"
"Somnia: Antes de despertar","06/02/21"
"Inside the World’s Toughest Prisons: Temporada 5: Filipinas: La cárcel de la guerra contra las drogas","06/02/21"
"Inside the World’s Toughest Prisons: Temporada 5: Sudáfrica: La prisión de las pandillas de los números","05/02/21"
"Black Mirror: Temporada 2: Oso blanco","05/02/21"
"Black Mirror: Temporada 3: Cállate y baila","05/02/21"
"Godzilla","04/02/21"
"Soy un asesino: Temporada 1: Responsable de sus actos","03/02/21"
"The Discovery","03/02/21"
"Líbranos del mal","02/02/21"
"Black Mirror: Temporada 1: Quince millones de méritos","01/02/21"
"Llámame por tu nombre","01/02/21"
"Godzilla","01/02/21"
"Olvidado","01/02/21"
"Vikingos: Temporada 1: Sacrificio","25/01/21"
"Vikingos: Temporada 1: El rescate de un rey","25/01/21"
"Los caballeros","24/01/21"
"Lupin: Parte 1: Capítulo 4","24/01/21"
"Lupin: Parte 1: Capítulo 3","23/01/21"
"Lupin: Parte 1: Capítulo 2","23/01/21"
"Lupin: Parte 1: Capítulo 1","23/01/21"
"Bastardos sin gloria","23/01/21"
"12 horas para sobrevivir: El inicio","23/01/21"
"Corazones de hierro","23/01/21"
"Vaselina","23/01/21"
"Hombres de negro","22/01/21"
"Casas de verano del millón de dólares: Temporada 1: Temporada alta","20/01/21"
"Vikingos: Temporada 1: El entierro de los muertos","17/01/21"
"Vikingos: Temporada 1: Asalto","17/01/21"
"Vikingos: Temporada 1: Juicio","16/01/21"
"Vikingos: Temporada 1: Desposeídos","15/01/21"
"Vikingos: Temporada 1: La furia de los hombres del norte","15/01/21"
"Vikingos: Temporada 1: Ritos de iniciación","13/01/21"
"Mundos alienígenas: Temporada 1: Janus","10/01/21"
"Mundos alienígenas: Temporada 1: Atlas","10/01/21"
"Soy un asesino: Temporada 1: Malas intenciones","07/01/21"
"Soy un asesino: Temporada 1: Simpatía por el diablo","29/12/20"
"Soy un asesino: Temporada 1: El cenzontle","29/12/20"
"Soy un asesino: Temporada 1: Culpable ante los ojos de la ley","29/12/20"
"Inside the World’s Toughest Prisons: Temporada 2: Belice: La cárcel de Dios","29/12/20"
"Cuidado con lo que deseas","29/12/20"
"El principito","25/12/20"
"Pasante de moda","13/12/20"
"Inside the World’s Toughest Prisons: Temporada 2: Papúa Nueva Guinea: La cárcel de las fugas","10/12/20"
"The Cloverfield Paradox","08/12/20"
"Inside the World’s Toughest Prisons: Temporada 2: Ucrania: La cárcel de la zona de guerra","08/12/20"
"Si algo me pasa, los quiero","08/12/20"
"Calibre","08/12/20"
"Inside the World’s Toughest Prisons: Temporada 2: Brasil: La cárcel de los pandilleros","07/12/20"
"Keeping Up with the Kardashians: Temporada 1: Te estoy vigilando","07/12/20"
"Inside the World’s Toughest Prisons: Temporada 1: Filipinas","07/12/20"
"Inside the World’s Toughest Prisons: Temporada 1: México","04/12/20"
"Inside the World’s Toughest Prisons: Temporada 1: Honduras","03/12/20"
"Gambito de dama: Miniserie: Final","03/12/20"
"Gambito de dama: Miniserie: Aplazamientos","02/12/20"
"Gambito de dama: Miniserie: Ataque doble","29/11/20"
"Gambito de dama: Miniserie: Medio juego","26/11/20"
"Gambito de dama: Miniserie: Peones doblados","25/11/20"
"Gambito de dama: Miniserie: Intercambios","24/11/20"
"Magia para humanos: Temporada 1: Autocontrol","21/11/20"
"Bob Esponja: Al rescate","21/11/20"
"Gambito de dama: Miniserie: Aperturas","20/11/20"
"Jurassic World: El reino caído","14/11/20"
"Kung Fu Panda","14/11/20"
"Cuestión de tiempo","11/11/20"
"Hostal","06/11/20"
"Creed: Corazón de campeón","05/11/20"
"Mujer Maravilla","25/10/20"
"Emily en París: Temporada 1: Femenina y masculina","19/10/20"
"Emily en París: Temporada 1: Emily en París","19/10/20"
"Keeping Up with the Kardashians: Temporada 4: ¡Nace Mason!","19/10/20"
"Keeping Up with the Kardashians: Temporada 4: La culpa es del alcohol","19/10/20"
"Keeping Up with the Kardashians: Temporada 3: Liberen a Khloé","19/10/20"
"Keeping Up with the Kardashians: Temporada 4: Dame tu amor","18/10/20"
"Keeping Up with the Kardashians: Temporada 4: Fin de semana infernal","18/10/20"
"Keeping Up with the Kardashians: Temporada 4: Aprender a pelear","18/10/20"
"Keeping Up with the Kardashians: Temporada 4: Al rescate de una chihuahua","14/10/20"
"Keeping Up with the Kardashians: Temporada 4: A todo o nada","14/10/20"
"Keeping Up with the Kardashians: Temporada 4: Las Kardashian y un bebé","14/10/20"
"Keeping Up with the Kardashians: Temporada 4: La pastillita del amor","14/10/20"
"Keeping Up with the Kardashians: Temporada 4: Todos contra Scott","14/10/20"
"Keeping Up with the Kardashians: Temporada 4: La boda","12/10/20"
"Keeping Up with the Kardashians: Temporada 2: Kim se convierte en diva","11/10/20"
"Keeping Up with the Kardashians: Temporada 3: Doble ruptura","11/10/20"
"Keeping Up with the Kardashians: Temporada 3: Lo tuyo es mío","11/10/20"
"Keeping Up with the Kardashians: Temporada 3: La familia de mi novio","11/10/20"
"Keeping Up with the Kardashians: Temporada 3: El nido vacío","11/10/20"
"Keeping Up with the Kardashians: Temporada 3: El amor crece con la distancia","09/10/20"
"Keeping Up with the Kardashians: Temporada 3: La comezón del segundo año","09/10/20"
"Amantes de 5 a 7","08/10/20"
"Keeping Up with the Kardashians: Temporada 3: La Cenicienta","04/10/20"
"Keeping Up with the Kardashians: Temporada 3: Uno para todos y todos para Kim","04/10/20"
"¡madre!","01/10/20"
"Keeping Up with the Kardashians: Temporada 3: ¿Ciega en Las Vegas?","01/10/20"
"Keeping Up with the Kardashians: Temporada 3: Preferiría estar desnuda","01/10/20"
"Keeping Up with the Kardashians: Temporada 3: La primera portada de Kourtney","01/10/20"
"Alerta en lo profundo","23/09/20"
"El culto","23/09/20"
"Pienso en el final","23/09/20"
"La reunión del diablo","20/09/20"
"Mi villano favorito 2","20/09/20"
"Enemigos públicos","13/09/20"
"Birdman o la inesperada virtud de la ignorancia","05/09/20"
"Dicen por ahí...","04/09/20"
"Perdidos en Tokio","04/09/20"
"La isla siniestra","01/09/20"
"Gladiador","28/08/20"
"El origen","25/08/20"
"Amor a segunda vista","24/08/20"
"La propuesta","23/08/20"
"Crímenes de familia","21/08/20"
"El gran Gatsby","20/08/20"
"Keeping Up with the Kardashians: Temporada 2: Culo prodigioso","19/08/20"
"Keeping Up with the Kardashians: Temporada 2: Nueva perspectiva en Nueva Orleans","16/08/20"
"Keeping Up with the Kardashians: Temporada 2: Calendario para Reggie","15/08/20"
"Keeping Up with the Kardashians: Temporada 2: Vacaciones en familia","15/08/20"
"Keeping Up with the Kardashians: Temporada 2: La guerra civil Kardashian","15/08/20"
"Keeping Up with the Kardashians: Temporada 2: Defensa personal","15/08/20"
"Keeping Up with the Kardashians: Temporada 2: Las citas ciegas de Khloé","15/08/20"
"Batman inicia","15/08/20"
"El núcleo","15/08/20"
"Sugar Rush: Extradulce: Comida chatarra para expertos","15/08/20"
"Keeping Up with the Kardashians: Temporada 2: Kris, la porrista","13/08/20"
"Keeping Up with the Kardashians: Temporada 2: La nueva novia de Rob","13/08/20"
"Keeping Up with the Kardashians: Temporada 2: Khloé quiere ser actriz","13/08/20"
"Dark: Temporada 3: Luces y sombras","10/08/20"
"Dark: Temporada 3: Vida y muerte","10/08/20"
"El titán","04/08/20"
"Dark: Temporada 3: El origen","30/07/20"
"Dark: Temporada 3: Adán y Eva","30/07/20"
"El gran pez","29/07/20"
"Tiempos violentos","26/07/20"
"Francotirador","26/07/20"
"Dark: Temporada 3: Los sobrevivientes","25/07/20"
"Dark: Temporada 3: Déjà vu","25/07/20"
"Sesión 9","23/07/20"
"Misterios sin resolver: Volumen 1: La casa del terror","23/07/20"
"Dark: Temporada 2: Finales e inicios","22/07/20"
"Dark: Temporada 2: El demonio blanco","21/07/20"
"Dark: Temporada 2: Un ciclo sin fin","21/07/20"
"Dark: Temporada 2: Perdido y encontrado","21/07/20"
"La teoría del todo","21/07/20"
"Dark: Temporada 2: Los viajeros","21/07/20"
"Dark: Temporada 2: Fantasmas","21/07/20"
"Dark: Temporada 2: Materia oscura","21/07/20"
"Keeping Up with the Kardashians: Temporada 1: El precio de la fama","20/07/20"
"Keeping Up with the Kardashians: Temporada 1: Ayuda de hermanas","19/07/20"
"Keeping Up with the Kardashians: Temporada 1: ¿Estás embarazada?","19/07/20"
"Keeping Up with the Kardashians: Temporada 1: Recordando a papá","19/07/20"
"Keeping Up with the Kardashians: Temporada 1: En traje de Eva","19/07/20"
"Keeping Up with the Kardashians: Temporada 1: Brody en la casa","19/07/20"
"Misterios sin resolver: Volumen 1: Trece minutos","19/07/20"
"Misterios sin resolver: Volumen 1: Misterio en la terraza","19/07/20"
"Scary movie 3: No hay dos sin 3","16/07/20"
"Dark: Temporada 2: Principios y finales","11/07/20"
"Dark: Temporada 1: Alfa y omega","10/07/20"
"Dark: Temporada 1: Todo es ahora","10/07/20"
"Dark: Temporada 1: Cosechas lo que siembras","10/07/20"
"Dark: Temporada 1: Pasado y presente","10/07/20"
"Dark: Temporada 1: Mentiras","09/07/20"
"Dark: Temporada 1: Secretos","09/07/20"
"Dark: Temporada 1: Encrucijadas","08/07/20"
"Dark: Temporada 1: Sic mundus creatus est","02/07/20"
"Dark: Temporada 1: Verdades","30/06/20"
"Dark: Temporada 1: Dobles vidas","30/06/20"
"Comer, rezar, amar","18/06/20"
"Chicken Little","17/06/20"
"Luciferina","15/06/20"
"Psicosis","15/06/20"
"Keeping Up with the Kardashians: Temporada 1: Mamá representante","10/06/20"
"La edad de la inocencia","09/06/20"
"Soy un asesino: Temporada 1: Un medio para alcanzar un fin","08/06/20"
"Mío o de nadie","04/06/20"
"Poltergeist: Juegos diabólicos","29/05/20"
"Magic Mike XXL","25/05/20"
"Falsa identidad","24/05/20"
"Cuando las luces se apagan","24/05/20"
"Amor. Boda. Azar.","16/05/20"
"El vendedor de sueños","13/05/20"
"Amigos con dinero","12/05/20"
"Battle","12/05/20"
"La La Land: Una historia de amor","12/05/20"
"Entrevista con el vampiro","12/05/20"
"Fantasmal","11/05/20"
"Terror en Silent Hill","11/05/20"
"Nunca digas su nombre","07/05/20"
"The Dawn Wall","01/05/20"
"La casa de las flores: Temporada 3: LAUREL (Símb. gloria)","28/04/20"
"La casa de las flores: Temporada 3: HELENIO (Símb. lágrimas)","28/04/20"
"La casa de las flores: Temporada 3: JACINTO (Símb. celos)","27/04/20"
"La casa de las flores: Temporada 3: ELÉBORO (Símb. escándalo)","27/04/20"
"La casa de las flores: Temporada 3: TRÉBOL (Símb. venganza)","27/04/20"
"La casa de las flores: Temporada 3: BETÓNICA (Símb. sorpresa)","27/04/20"
"Dumplin","27/04/20"
"1922","27/04/20"
"La casa de las flores: Temporada 3: AZALEA (Símb. templanza)","25/04/20"
"La casa de las flores: Temporada 3: MALVA (Símb. ambición)","25/04/20"
"La casa de las flores: Temporada 3: YERBERA (Símb. primer amor)","25/04/20"
"La casa de las flores: Temporada 3: GIRASOL (Símb. poder)","25/04/20"
"La casa de las flores: Temporada 3: PETUNIA (Símb. picardía)","25/04/20"
"La casa de las flores: Temporada 2: PENSAMIENTO (Símb. reflexión)","25/04/20"
"La casa de las flores: Temporada 2: HELICONIA (Símb. fertilidad)","25/04/20"
"La casa de las flores: Temporada 2: GERANIO (Símb. consuelo)","25/04/20"
"La casa de las flores: Temporada 2: CLAVEL (Símb. capricho)","25/04/20"
"La casa de las flores: Temporada 2: ACACIA (Símb. amor secreto)","25/04/20"
"La casa de las flores: Temporada 2: ALMENDRO (Símb. despertar)","25/04/20"
"La casa de las flores: Temporada 2: LOTO (Símb. misterio)","25/04/20"
"La casa de las flores: Temporada 2: IRIS (Símb. fe)","25/04/20"
"La casa de las flores: Temporada 2: ROSA (Símb. unidad)","25/04/20"
"El silencio del pantano","23/04/20"
"Scott Pilgrim vs. los ex de la chica de sus sueños","22/04/20"
"Legado en los huesos","22/04/20"
"Eterno resplandor de una mente sin recuerdos","20/04/20"
"La cura siniestra","18/04/20"
"Estasis","18/04/20"
"Harry Potter y la Orden del Fénix","12/04/20"
"¿Qué le pasó a Lunes?","12/04/20"
"Conversaciones con asesinos: Las cintas de Ted Bundy: Miniserie: Uno de nosotros","12/04/20"
"Zodiaco","10/04/20"
"The Rain: Temporada 1: No salgan","10/04/20"
"Toc toc: Una comedia obsesivamente divertida","09/04/20"
"100 humanos: Temporada 1: La atracción","08/04/20"
"Inconcebible: Miniserie: Episodio 8","08/04/20"
"Inconcebible: Miniserie: Episodio 7","08/04/20"
"Inconcebible: Miniserie: Episodio 6","07/04/20"
"Inconcebible: Miniserie: Episodio 5","07/04/20"
"Inconcebible: Miniserie: Episodio 4","07/04/20"
"Inconcebible: Miniserie: Episodio 3","07/04/20"
"Inconcebible: Miniserie: Episodio 2","06/04/20"
"Inconcebible: Miniserie: Episodio 1","06/04/20"
"Manhunt: Unabomber: EE. UU. contra Theodore J. Kaczynski","03/04/20"
"Manhunt: Unabomber: Lincoln","03/04/20"
"Manhunt: Unabomber: Ted","03/04/20"
"Manhunt: Unabomber: Refugio","03/04/20"
"Manhunt: Unabomber: Publicar o perecer","03/04/20"
"Manhunt: Unabomber: Fruto del árbol venenoso","02/04/20"
"OtherLife","30/03/20"
"Círculo","29/03/20"
"La provocación","25/03/20"
"Élite: Temporada 3: Polo","22/03/20"
"Élite: Temporada 3: Nadia y Omar","22/03/20"
"Élite: Temporada 3: Rebeka","22/03/20"
"Élite: Temporada 3: Ander","22/03/20"
"Élite: Temporada 3: Lu","22/03/20"
"Élite: Temporada 3: Cayetana y Valerio","21/03/20"
"El hoyo","21/03/20"
"Élite: Temporada 3: Samuel y Guzmán","21/03/20"
"Élite: Temporada 3: Carla","21/03/20"
"Life: Vida inteligente","21/03/20"
"Diana, el secreto de una princesa","17/03/20"
"10 cosas que odio de ti","27/02/20"
"Manhunt: Unabomber: Gua pura","26/02/20"
"Manhunt: Unabomber: UNABOM","26/02/20"
"Conversaciones con asesinos: Las cintas de Ted Bundy: Miniserie: No me toca velarlo","26/02/20"
"Crímenes no resueltos: Temporada 1: Una asesina se escapa","26/02/20"
"Crímenes no resueltos: Temporada 1: Una familia maldecida","26/02/20"
"Crímenes no resueltos: Temporada 1: Un secreto familiar","26/02/20"
"Crímenes no resueltos: Temporada 1: Círculo de amigos","25/02/20"
"Crímenes no resueltos: Temporada 1: Un oficial asesinado","25/02/20"
"Damas en guerra","24/02/20"
"Lo más sencillo es complicarlo todo","22/02/20"
"La boda de la abuela","20/02/20"
"Cómo ser soltera","20/02/20"
"Up: Una aventura de altura","19/02/20"
"Todas las pecas del mundo","15/02/20"
"Sex Education: Temporada 2: Episodio 8","15/02/20"
"Sex Education: Temporada 2: Episodio 7","15/02/20"
"Sex Education: Temporada 2: Episodio 6","13/02/20"
"Virus","12/02/20"
"Sex Education: Temporada 2: Episodio 5","11/02/20"
"Sex Education: Temporada 2: Episodio 4","11/02/20"
"Sex Education: Temporada 2: Episodio 3","11/02/20"
"Sex Education: Temporada 2: Episodio 2","09/02/20"
"Sex Education: Temporada 2: Episodio 1","09/02/20"
"Sex Education: Temporada 1: Episodio 8","07/02/20"
"Sex Education: Temporada 1: Episodio 7","07/02/20"
"Sex Education: Temporada 1: Episodio 6","07/02/20"
"Sex Education: Temporada 1: Episodio 5","07/02/20"
"Sex Education: Temporada 1: Episodio 4","07/02/20"
"Sex Education: Temporada 1: Episodio 3","06/02/20"
"Sex Education: Temporada 1: Episodio 2","06/02/20"
"Satanic","01/02/20"
"La masacre de Texas 3","01/02/20"
"Sex Education: Temporada 1: Episodio 1","01/02/20"
"Crímenes no resueltos: Temporada 1: El turno de noche","01/02/20"
"Crímenes no resueltos: Temporada 1: Novios silenciados","01/02/20"
"Crímenes no resueltos: Temporada 1: Nunca volvió a casa","31/01/20"
"Crímenes no resueltos: Temporada 1: Asesinatos en Nochebuena","31/01/20"
"Crímenes no resueltos: Temporada 1: Niña perdida","31/01/20"
"You: Temporada 2: Realmente amor","26/01/20"
"You: Temporada 2: Detective Joe","26/01/20"
"You: Temporada 2: Pánico y locura en Beverly Hills","25/01/20"
"You: Temporada 2: Crisis existencial","25/01/20"
"You: Temporada 2: Adiós, mi conejito","25/01/20"
"You: Temporada 2: ¡Buen findelasalud, Joe!","25/01/20"
"You: Temporada 2: El bueno, el malo y Hendy","25/01/20"
"You: Temporada 2: Amigos son los amigos","25/01/20"
"You: Temporada 2: Solo la puntita","25/01/20"
"12 horas para sobrevivir: El año de la elección","21/01/20"
"La influencia","21/01/20"
"Friends: Temporada 10: El final","20/01/20"
"Friends: Temporada 10: La fiesta de despedida de Rachel","20/01/20"
"Friends: Temporada 10: Cuando muere Estelle","20/01/20"
"Friends: Temporada 10: La princesa Consuela","20/01/20"
"Friends: Temporada 10: Joey hablando francés","20/01/20"
"Friends: Temporada 10: La boda de Phoebe","19/01/20"
"Friends: Temporada 10: El estríper que llora","19/01/20"
"Friends: Temporada 10: La casa de Westchester","19/01/20"
"Friends: Temporada 10: La madre biológica","19/01/20"
"Friends: Temporada 10: Llegan tarde el Día de Gracias","19/01/20"
"Friends: Temporada 10: Padres calificados","19/01/20"
"Friends: Temporada 10: La beca de Ross","19/01/20"
"Friends: Temporada 10: La niñera es la hermana de Rachel","19/01/20"
"Friends: Temporada 10: El pastel","17/01/20"
"Friends: Temporada 10: El bronceado de Ross","17/01/20"
"Atlantis: El imperio perdido","16/01/20"
"Friends: Temporada 10: Ross dice que está bien","15/01/20"
"Friends: Temporada 10: Cuando Joey y Rachel se besan","15/01/20"
"Friends: Temporada 9: El viaje a Barbados: Segunda Parte","15/01/20"
"Friends: Temporada 9: El viaje a Barbados: Primera Parte","13/01/20"
"Friends: Temporada 9: El donador","13/01/20"
"Friends: Temporada 9: La prueba de fertilidad","13/01/20"
"Friends: Temporada 9: La fiesta de Joey","13/01/20"
"Friends: Temporada 9: El sueño de Rachel","13/01/20"
"Friends: Temporada 9: La lotería","13/01/20"
"Friends: Temporada 9: La conmemoración funeraria","13/01/20"
"Friends: Temporada 9: El aumento de busto","13/01/20"
"Friends: Temporada 9: El asalto","13/01/20"
"Friends: Temporada 9: Dos citas a ciegas","13/01/20"
"Friends: Temporada 9: Monica canta","13/01/20"
"Friends: Temporada 9: Las ratas de Phoebe","13/01/20"
"Friends: Temporada 9: Rachel vuelve al trabajo","13/01/20"
"Friends: Temporada 9: Navidad en Tulsa","13/01/20"
"Friends: Temporada 9: El número telefónico de Rachel","13/01/20"
"Friends: Temporada 9: La otra hermana de Rachel","13/01/20"
"Friends: Temporada 9: La canción vulgar de Ross","13/01/20"
"Friends: Temporada 9: El niñero","13/01/20"
"Friends: Temporada 9: La cena de cumpleaños de Phoebe","13/01/20"
"Friends: Temporada 9: Los tiburones","13/01/20"
"Friends: Temporada 9: El pediatra","13/01/20"
"Friends: Temporada 9: Emma llora y llora","13/01/20"
"Friends: Temporada 9: Nadie propuso matrimonio","12/01/20"
"Friends: Temporada 8: Cuando Rachel tiene a su bebé: Segunda Parte","12/01/20"
"Friends: Temporada 8: Cuando Rachel tiene a su bebé: Primera Parte","12/01/20"
"Friends: Temporada 8: El parto de Rachel se retrasa","11/01/20"
"Friends: Temporada 8: La lección de cocina","11/01/20"
"Friends: Temporada 8: El baby shower","11/01/20"
"Friends: Temporada 8: La entrevista de Joey","11/01/20"
"Friends: Temporada 8: Fiesta en Massapequa","11/01/20"
"Friends: Temporada 8: Las hojas de té","11/01/20"
"Friends: Temporada 8: El alma gemela de Monica","11/01/20"
"Friends: Temporada 8: El video del parto","11/01/20"
"Friends: Temporada 8: El armario secreto","11/01/20"
"Friends: Temporada 8: Chandler toma un baño de tina","10/01/20"
"Friends: Temporada 8: Joey y Rachel tienen una cita","10/01/20"
"Friends: Temporada 8: La relación de Ross avanza","10/01/20"
"Friends: Temporada 8: Las botas de Monica","10/01/20"
"Friends: Temporada 8: El rumor","10/01/20"
"Friends: Temporada 8: El strip tease","10/01/20"
"Friends: Temporada 8: La mancha","10/01/20"
"Friends: Temporada 8: La fiesta de Halloween","10/01/20"
"Friends: Temporada 8: La cita de Rachel","10/01/20"
"Friends: Temporada 8: El videotape","10/01/20"
"Friends: Temporada 8: Rachel les dice...","10/01/20"
"Friends: Temporada 8: El suéter rojo","10/01/20"
"Friends: Temporada 8: Después de la ceremonia","09/01/20"
"Friends: Temporada 7: La boda de Monica y Chandler: Segunda parte","09/01/20"
"Friends: Temporada 7: La boda de Monica y Chandler: Primera parte","09/01/20"
"Friends: Temporada 7: El papá de Chandler","09/01/20"
"Friends: Temporada 7: Los votos","09/01/20"
"Friends: Temporada 7: El superbeso de Rachel","07/01/20"
"Friends: Temporada 7: La prima de Ross y de Monica","06/01/20"
"Friends: Temporada 7: El premio de Joey","06/01/20"
"Friends: Temporada 7: El vestido de novia barato","06/01/20"
"Friends: Temporada 7: La verdad de lo que pasó en Londres","06/01/20"
"Friends: Temporada 7: El nuevo cerebro de Joey","06/01/20"
"Friends: Temporada 7: Ya todos tienen 30 años","05/01/20"
"Friends: Temporada 7: Cuando muere Tranquilino","05/01/20"
"Friends: Temporada 7: La noche que nadie durmió","04/01/20"
"Friends: Temporada 7: Las tartas de queso","04/01/20"
"Friends: Temporada 7: Los dulces de Monica","01/01/20"
"Friends: Temporada 7: Chandler odia a los perros","01/01/20"
"Friends: Temporada 7: El libro de la biblioteca","01/01/20"
"Friends: Temporada 7: Compañeros de siesta","01/01/20"
"Friends: Temporada 7: El fotogénico Chandler","01/01/20"
"Friends: Temporada 7: El asistente de Rachel","01/01/20"
"Friends: Temporada 7: Las galletas de Phoebe","01/01/20"
"Friends: Temporada 7: El libro de Rachel","01/01/20"
"Friends: Temporada 7: El trueno de Monica","01/01/20"
"Friends: Temporada 6: Propuesta de matrimonio: Segunda parte","30/12/19"
"Friends: Temporada 6: Propuesta de matrimonio: Primera parte","30/12/19"
"Friends: Temporada 6: La sortija","30/12/19"
"Friends: Temporada 6: Paul es el hombre","30/12/19"
"Friends: Temporada 6: Ross conoce al padre de Elizabeth","30/12/19"
"Friends: Temporada 6: La actuación estelar de Joey","30/12/19"
"Friends: Temporada 6: El refrigerador de Joey","30/12/19"
"Friends: Temporada 6: Ross sale con una estudiante","30/12/19"
"Friends: Temporada 6: El unagi","30/12/19"
"Friends: Temporada 6: The One That Could Have Been: Parte 2","30/12/19"
"Friends: Temporada 6: The One That Could Have Been: Parte 1","30/12/19"
"Friends: Temporada 6: Chandler no puede llorar","30/12/19"
"Friends: Temporada 6: La hermana de Rachel","30/12/19"
"Friends: Temporada 6: El chiste","30/12/19"
"Friends: Temporada 6: La mesa de boticario","28/12/19"
"Friends: Temporada 6: La rutina de baile","28/12/19"
"Friends: Temporada 6: Cuando Ross se drogó","27/12/19"
"Terapia de shock: Temporada 3: Condado de St. Clair, Illinois","27/12/19"
"Terapia de shock: Temporada 3: Jacksonville, Florida (hombres)","27/12/19"
"Terapia de shock: Temporada 3: Boston, Massachusetts (mujeres)","27/12/19"
"Friends: Temporada 6: Los dientes de Ross","27/12/19"
"Friends: Temporada 6: La forma de correr de Phoebe","27/12/19"
"You: Temporada 2: Borrón y cuenta nueva","27/12/19"
"You: Temporada 1: Amour fou","27/12/19"
"¡Huye!","26/12/19"
"Friends: Temporada 6: La última noche juntas","26/12/19"
"Friends: Temporada 6: El Porsche de Joey","26/12/19"
"Friends: Temporada 6: Joey pierde su seguro médico","26/12/19"
"Friends: Temporada 6: ¿El tercer divorcio?","26/12/19"
"Friends: Temporada 6: Ross abraza a Rachel","26/12/19"
"Friends: Temporada 6: Después de Las Vegas","26/12/19"
"Friends: Temporada 5: Viaje Las Vegas: Segunda parte","26/12/19"
"Friends: Temporada 5: Viaje Las Vegas: Primera parte","26/12/19"
"Friends: Temporada 5: El gran triunfo de Joey","26/12/19"
"Friends: Temporada 5: La pelota","26/12/19"
"Friends: Temporada 5: Ronda policiaca","26/12/19"
"Friends: Temporada 5: Cuando Ross no puede coquetear","26/12/19"
"Friends: Temporada 5: Cuando Rachel fuma","26/12/19"
"Friends: Temporada 5: Rachel, la despistada","26/12/19"
"Friends: Temporada 5: El policía","26/12/19"
"Friends: Temporada 5: La chica que golpea a Joey","26/12/19"
"Friends: Temporada 5: Cuando todos se enteran","26/12/19"
"Friends: Temporada 5: El bolso de Joey","26/12/19"
"Friends: Temporada 5: La risa boba de Chandler","26/12/19"
"Friends: Temporada 5: Los propósitos de Año Nuevo","26/12/19"
"Friends: Temporada 5: La hermana inapropiada","26/12/19"
"Friends: Temporada 5: El emparedado de Ross","26/12/19"
"Friends: Temporada 5: Todos los Días de Gracias","26/12/19"
"Friends: Temporada 5: Ross se muda con los muchachos","26/12/19"
"Friends: Temporada 5: El hombre Yeti","26/12/19"
"Friends: Temporada 5: Cómo decirle a Rachel","26/12/19"
"Friends: Temporada 5: Phoebe odia a la PBS","26/12/19"
"Friends: Temporada 5: Los trillizos","25/12/19"
"Friends: Temporada 5: Chandler, el besucón","25/12/19"
"Escuadrón 6","25/12/19"
"Friends: Temporada 5: Después de que Ross dice Rachel","14/12/19"
"Friends: Temporada 4: La boda de Ross: Segunda parte","14/12/19"
"Friends: Temporada 4: La boda de Ross: Primera parte","14/12/19"
"Friends: Temporada 4: El peor padrino del mundo","14/12/19"
"Friends: Temporada 4: La invitación","14/12/19"
"Friends: Temporada 4: Las tres con vestido de novia","14/12/19"
"Friends: Temporada 4: Todo apresurado","14/12/19"
"Friends: Temporada 4: El nuevo vestido de Rachel","14/12/19"
"Friends: Temporada 4: Pornografía gratis","14/12/19"
"Friends: Temporada 4: La fiesta de mentiras","14/12/19"
"Friends: Temporada 4: Cuando Ross juega rugby","14/12/19"
"Friends: Temporada 4: El día que Joey estaba sucio","13/12/19"
"Friends: Temporada 4: Rachel enloquece por Joshua","13/12/19"
"Friends: Temporada 4: Los embriones","13/12/19"
"Friends: Temporada 4: El útero de Phoebe","13/12/19"
"Friends: Temporada 4: La chica de Poughkeepsie","13/12/19"
"Friends: Temporada 4: Una parranda inolvidable","13/12/19"
"Friends: Temporada 4: Chandler en una caja","13/12/19"
"Friends: Temporada 4: Chandler se pasa de la raya","13/12/19"
"Friends: Temporada 4: Una mujer muy sucia","12/12/19"
"Friends: Temporada 4: La nueva novia de Joey","12/12/19"
"Friends: Temporada 4: El salón de baile","12/12/19"
"Friends: Temporada 4: Las esposas","12/12/19"
"Friends: Temporada 4: El gato","12/12/19"
"Friends: Temporada 4: Aguamala","12/12/19"
"Friends: Temporada 3: En la playa","12/12/19"
"Friends: Temporada 3: El campeón de lucha libre","12/12/19"
"Friends: Temporada 3: La cosa de Ross","12/12/19"
"Friends: Temporada 3: El gritón","12/12/19"
"Friends: Temporada 3: La pollita y el pato","12/12/19"
"Friends: Temporada 3: La casa de muñecas","12/12/19"
"Friends: Temporada 3: La camiseta diminuta","11/12/19"
"Friends: Temporada 3: La cinta de hipnosis","11/12/19"
"Friends: Temporada 3: Todos vamos a esquiar menos uno","11/12/19"
"Friends: Temporada 3: Al día siguiente","11/12/19"
"Friends: Temporada 3: Ross y Rachel se dan un respiro","11/12/19"
"Friends: Temporada 3: La excompañera de Phoebe","11/12/19"
"Friends: Temporada 3: Monica y Richard se hacen amigos","11/12/19"
"Friends: Temporada 3: Loco de celos","11/12/19"
"Friends: Temporada 3: El olvido de Chandler","10/12/19"
"Friends: Temporada 3: Rachel renuncia","10/12/19"
"Friends: Temporada 3: El partido de futbol","10/12/19"
"Friends: Temporada 3: El instrumento gigante","10/12/19"
"Friends: Temporada 3: La cama con forma de auto","10/12/19"
"Friends: Temporada 3: Sucesos del pasado","10/12/19"
"Friends: Temporada 3: Frank hijo","10/12/19"
"Friends: Temporada 3: El túnel metafórico","10/12/19"
"Friends: Temporada 3: El de la jalea","10/12/19"
"Friends: Temporada 3: Cuando nadie está listo","10/12/19"
"Friends: Temporada 3: La fantasía de la princesa Leia","10/12/19"
"Friends: Temporada 2: La boda de Barry y Mindy","10/12/19"
"Klaus","09/12/19"
"Justicia del Ártico: Escuadrón del trueno","09/12/19"
"Friends: Temporada 2: El de la viruela","05/12/19"
"Friends: Temporada 2: Las dos fiestas","05/12/19"
"Friends: Temporada 2: Los bravucones","05/12/19"
"Friends: Temporada 2: Cuando muere el gruñón","05/12/19"
"Friends: Temporada 2: Cuando Eddie no quiere irse","05/12/19"
"Friends: Temporada 2: Cuando muere el Dr. Ramoray","05/12/19"
"Friends: Temporada 2: Cuando llega Eddie","30/11/19"
"Friends: Temporada 2: Joey se muda","29/11/19"
"Friends: Temporada 2: El reencuentro de Ross y Rachel","29/11/19"
"Friends: Temporada 2: El video del baile","29/11/19"
"Friends: Temporada 2: Después del Superbowl (Parte 2)","29/11/19"
"Friends: Temporada 2: Después del Superbowl (Parte 1)","29/11/19"
"Friends: Temporada 2: Boda de lesbianas","29/11/19"
"Friends: Temporada 2: Ross y Russ","29/11/19"
"Friends: Temporada 2: El papá de Phoebe","29/11/19"
"Friends: Temporada 2: La lista","29/11/19"
"Friends: Temporada 2: Ross se entera de la verdad","29/11/19"
"Friends: Temporada 2: El bebé en autobús","29/11/19"
"Friends: Temporada 2: Carne para cinco y una berenjena","29/11/19"
"Friends: Temporada 2: Llegó el esposo de Phoebe","29/11/19"
"Friends: Temporada 2: El Sr. Heckles pasó a mejor vida","26/11/19"
"Friends: Temporada 2: La leche materna","26/11/19"
"Friends: Temporada 2: La nueva novia de Ross","26/11/19"
"Friends: Temporada 1: Rachel por fin se da cuenta","26/11/19"
"Friends: Temporada 1: El del nacimiento","24/11/19"
"Friends: Temporada 1: El extraño factor","24/11/19"
"Friends: Temporada 1: La falsa Mónica","24/11/19"
"Friends: Temporada 1: El cruel ortodoncista","24/11/19"
"Friends: Temporada 1: El día que Marcel se fue","24/11/19"
"Friends: Temporada 1: Jugando póquer","24/11/19"
"Friends: Temporada 1: Segunda de dos partes","24/11/19"
"Friends: Temporada 1: Primera de dos partes","24/11/19"
"Friends: Temporada 1: El intoxicado","24/11/19"
"Friends: Temporada 1: Corazones de dulce","24/11/19"
"Friends: Temporada 1: Hablemos de senos","24/11/19"
"Friends: Temporada 1: Las doce lasagnas","24/11/19"
"Friends: Temporada 1: Uno con la Sra. Bing","23/11/19"
"Friends: Temporada 1: Uno con el mono","23/11/19"
"¿A quién te llevarías a una isla desierta?","18/11/19"
"Élite: Temporada 2: 0 horas desaparecido","16/11/19"
"Élite: Temporada 2: 84 horas desaparecido","16/11/19"
"Élite: Temporada 2: 66 horas desaparecido","15/11/19"
"Élite: Temporada 2: 63 horas desaparecido","15/11/19"
"Élite: Temporada 2: 59 horas desaparecido","15/11/19"
"Élite: Temporada 2: 36 horas desaparecido","15/11/19"
"Élite: Temporada 2: 34 horas desaparecido","13/11/19"
"Élite: Temporada 2: 20 horas desaparecido","13/11/19"
"Élite: Temporada 1: Assilah","13/11/19"
"Élite: Temporada 1: Todo estalla","13/11/19"
"Élite: Temporada 1: Todo va a salir bien","13/11/19"
"Élite: Temporada 1: Todos mienten","13/11/19"
"Élite: Temporada 1: El amor es una droga","13/11/19"
"Élite: Temporada 1: Sábado noche","13/11/19"
"Élite: Temporada 1: Deseo","13/11/19"
"Élite: Temporada 1: Bienvenidos","13/11/19"
"Noches blancas","13/11/19"
"Eli","09/11/19"
"Guardianes de la galaxia","02/11/19"
"Friends: Temporada 1: Día de Acción de Gracias","23/10/19"
"Friends: Temporada 1: Donde nani muere dos veces","23/10/19"
"Friends: Temporada 1: El apagón","23/10/19"
"Friends: Temporada 1: El hombre del trasero","23/10/19"
"Friends: Temporada 1: Uno con el detergente de lavandería de Alemania del Este","23/10/19"
"Breaking Bad: Temporada 1: Cáncer","18/10/19"
"Breaking Bad: Temporada 1: Y la bolsa en el río","18/10/19"
"Breaking Bad: Temporada 1: El gato en la bolsa","18/10/19"
"Breaking Bad: Temporada 1: Principio del fin","18/10/19"
"La casa de las flores: Temporada 1: TULIPÁN (Símb. esperanza)","18/10/19"
"Friends: Temporada 1: Uno con George Stephanopoulos","18/10/19"
"Friends: Temporada 1: Uno con el pulgar","18/10/19"
"Friends: Temporada 1: Donde el ultrasonido llega al final","18/10/19"
"Friends: Temporada 1: Estreno","18/10/19"
"La vida secreta de tus mascotas","28/09/19"
"Cigüeñas: La historia que no te contaron","17/09/19"
"La casa de las flores: Temporada 1: BROMELIA (Símb. resistencia)","29/08/19"
"La casa de las flores: Temporada 1: PEONIA (Símb. vergüenza)","29/08/19"
"La casa de las flores: Temporada 1: MAGNOLIA (Símb. dignidad)","29/08/19"
"La casa de las flores: Temporada 1: DALIA (Símb. gratitud)","29/08/19"
"La casa de las flores: Temporada 1: PETUNIA (Símb. resentimiento)","29/08/19"
"La casa de las flores: Temporada 1: LIRIO (Símb. libertad)","29/08/19"
"La casa de las flores: Temporada 1: CRISANTEMO (Símb. dolor)","29/08/19"
"La casa de las flores: Temporada 1: NARCISO (Símb. mentira)","29/08/19"
"NOVA: Apocalipsis de agujeros negros","13/07/19"
"El conjuro 2","10/07/19"
"Poseidón","10/07/19"
"Extinción","10/07/19"
"¿No es romántico?","02/07/19"
"Final Space: Temporada 1: Capítulo siete","28/06/19"
"La chica de mis sueños","12/06/19"
"Ni idea","12/06/19"
"Osmosis: Temporada 1: Problemas","12/06/19"
"Osmosis: Temporada 1: Alma gemela","12/06/19"
"Osmosis: Temporada 1: Prueba","12/06/19"
"The World's Most Extraordinary Homes: Temporada 2 (Parte A): Portugal","10/06/19"
"The World's Most Extraordinary Homes: Temporada 2 (Parte A): EE. UU.","10/06/19"
"The World's Most Extraordinary Homes: Temporada 2 (Parte B): Israel","10/06/19"
"The World's Most Extraordinary Homes: Temporada 2 (Parte B): Noruega","10/06/19"
"The World's Most Extraordinary Homes: Temporada 2 (Parte B): India","10/06/19"
"Pachamama","10/06/19"
"WALL-E","10/06/19"
"You: Temporada 1: Viviendo con el enemigo","09/06/19"
"You: Temporada 1: El Capitán","09/06/19"
"Black Mirror: Temporada 1: El himno nacional","08/06/19"
"Black Mirror: Temporada 2: Blanca Navidad","08/06/19"
"Black Mirror: Temporada 2: El momento Waldo","08/06/19"
"Black Mirror: Temporada 2: Vuelvo enseguida","08/06/19"
"Black Mirror: Temporada 3: Odio nacional","08/06/19"
"Black Mirror: Temporada 5: Striking Vipers","08/06/19"
"Black Mirror: Temporada 5: Rachel, Jack y Ashley Too","08/06/19"
"Black Mirror: Temporada 5: Smithereens","07/06/19"
"Intensamente","26/05/19"
"Orgullo, prejuicio y zombies","19/05/19"
"You: Temporada 1: Tal vez","19/05/19"
"You: Temporada 1: El último tipo agradable de Nueva York","19/05/19"
"You: Temporada 1: Piloto","19/05/19"
"Toy Story 3","17/05/19"
"Dance Academy: Serie 1: Maniquí de prueba","17/05/19"
"Dance Academy: Serie 1: Perfección","17/05/19"
"Dance Academy: Serie 1: Los hombres de verdad no bailan","17/05/19"
"Dance Academy: Serie 1: Campo minado","17/05/19"
"Dance Academy: Serie 1: Detrás de las barras","17/05/19"
"Dance Academy: Serie 1: Semana cero","17/05/19"
"Dance Academy: Serie 1: Aprendiendo a volar","17/05/19"
"Cuando nos conocimos","14/05/19"
"La Tierra errante","12/05/19"
"The World's Most Extraordinary Homes: Temporada 2 (Parte B): España","10/05/19"
"Nuestro planeta: Temporada 1: Un planeta","10/05/19"
"Lindas mentirosas: Temporada 7: HAstA que lA muerte nos sepAre","10/05/19"
"Lindas mentirosas: Temporada 7: Adiós, A","10/05/19"
"Lindas mentirosas: Temporada 7: Elijan o pierdan","10/05/19"
"Lindas mentirosas: Temporada 7: Conduciendo a Miss Mentirosa","10/05/19"
"Las locuras del emperador","10/05/19"
"Enredados","06/05/19"
"Lindas mentirosas: Temporada 7: El guante que mece la cuna","02/05/19"
"You: Temporada 1: El castillo de Barba Azul","02/05/19"
"You: Temporada 1: Candace","01/05/19"
"You: Temporada 1: Soy tuyo","01/05/19"
"You: Temporada 1: Todalidad","01/05/19"
"Someone Great: Alguien extraordinario","28/04/19"
"La cita perfecta","22/04/19"
"Zootopia","21/04/19"
"Lindas mentirosas: Temporada 7: Los ojos, el espejo del alma","21/04/19"
"Lindas mentirosas: Temporada 7: Juego de poder","21/04/19"
"Lindas mentirosas: Temporada 7: Sujeta tu pieza","21/04/19"
"Lindas mentirosas: Temporada 7: Estas botas están hechas para acosar","21/04/19"
"Lindas mentirosas: Temporada 7: Hora de jugar","21/04/19"
"Lindas mentirosas: Temporada 7: El caballero más oscuro","20/04/19"
"Lindas mentirosas: Temporada 7: La ira de Kahn","20/04/19"
"You vs. Wild: Temporada 1: Operación rescate en la selva (Parte 1)","20/04/19"
"Mulan","14/04/19"
"El libro de la selva","27/03/19"
"Spring Breakers: viviendo al límite","24/03/19"
"Lindas mentirosas: Temporada 7: Los ex y los ¡oh, Dios mío!","24/02/19"
"Lindas mentirosas: Temporada 7: Gánsteres originales","24/02/19"
"Dude: Así es la vida","23/02/19"
"Lindas mentirosas: Temporada 7: Se busca: vivo o muerto","27/01/19"
"Lindas mentirosas: Temporada 7: Aquí viene Mary","27/01/19"
"Lindas mentirosas: Temporada 7: ¡Pega y corre, corre, corre!","27/01/19"
"Lindas mentirosas: Temporada 7: El talentoso Sr. Rollins","27/01/19"
"Lindas mentirosas: Temporada 7: Manicomio","27/01/19"
"Lindas mentirosas: Temporada 7: Tictac, perras","25/01/19"
"Lindas mentirosas: Temporada 6: Callen, callen, dulces mentirosas","25/01/19"
"Lindas mentirosas: Temporada 6: ¿Me extrañaste?","24/01/19"
"Lindas mentirosas: Temporada 6: Quemadas","24/01/19"
"Lindas mentirosas: Temporada 6: Todos tenemos historia","24/01/19"
"Lindas mentirosas: Temporada 6: Donde alguien me espera","24/01/19"
"Lindas mentirosas: Temporada 6: No molestar","24/01/19"
"Lindas mentirosas: Temporada 6: Nuevos chicos, nuevas mentiras","24/01/19"
"Lindas mentirosas: Temporada 6: Los guantes puestos","24/01/19"
"Lindas mentirosas: Temporada 6: La telaraña de Charlotte","24/01/19"
"Lindas mentirosas: Temporada 6: Últimamente pienso en Rosewood","24/01/19"
"Lindas mentirosas: Temporada 6: Se acabó el juego, Charles","24/01/19"
"Lindas mentirosas: Temporada 6: El último baile","23/01/19"
"Lindas mentirosas: Temporada 6: A cuadro","23/01/19"
"Lindas mentirosas: Temporada 6: Hermano, ¿dónde estáis?","23/01/19"
"Lindas mentirosas: Temporada 6: Moviendo todas las piedras","23/01/19"
"Lindas mentirosas: Temporada 6: Ella no es un ángel","23/01/19"
"Lindas mentirosas: Temporada 6: No mires ahora","22/01/19"
"Lindas mentirosas: Temporada 6: Canciones de experiencia","22/01/19"
"Lindas mentirosas: Temporada 6: Canciones de inocencia","22/01/19"
"Lindas mentirosas: Temporada 6: Juguemos, Charles","21/01/19"
"Lindas mentirosas: Temporada 5: Bienvenidas a la casa de muñecas","21/01/19"
"Lindas mentirosas: Temporada 5: Soy una buena chica, lo soy","21/01/19"
"Lindas mentirosas: Temporada 5: Y la melodía continúa","20/01/19"
"Lindas mentirosas: Temporada 5: Aceptar el trato o no","20/01/19"
"Lindas mentirosas: Temporada 5: Maldito infierno","19/01/19"
"Lindas mentirosas: Temporada 5: Ser linda no es el punto","19/01/19"
"Lindas mentirosas: Temporada 5: Sal, maldita mancha","19/01/19"
"Lindas mentirosas: Temporada 5: Ah, que historias tan trágicas me dieron todas","18/01/19"
"Lindas mentirosas: Temporada 5: El barril del pecado","18/01/19"
"Lindas mentirosas: Temporada 5: Sobre el barril","18/01/19"
"Lindas mentirosas: Temporada 5: Carne fresca","18/01/19"
"Lindas mentirosas: Temporada 5: A través de un cristal oscuro","18/01/19"
"Lindas mentirosas: Temporada 5: Cómo “A” se robó a la Navidad","18/01/19"
"Lindas mentirosas: Temporada 5: Me llevo a alguien a la tumba","16/01/19"
"Lindas mentirosas: Temporada 5: Aquí nadie me quiere ni me entiende","16/01/19"
"Lindas mentirosas: Temporada 5: Una Alison oscura","07/01/19"
"Lindas mentirosas: Temporada 5: Marcha de crímenes","07/01/19"
"Lindas mentirosas: Temporada 5: Griten por mí","07/01/19"
"Lindas mentirosas: Temporada 5: El silencio de Eddie el inocente","05/01/19"
"Lindas mentirosas: Temporada 5: Corre, Ali, corre","03/01/19"
"Lindas mentirosas: Temporada 5: Sorteando consecuencias","03/01/19"
"Lindas mentirosas: Temporada 5: Me extrañaron 100 veces","03/01/19"
"Lindas mentirosas: Temporada 5: Arrojada en el camino","03/01/19"
"Black Mirror: Bandersnatch","30/12/18"
"El ascenso","30/12/18"
"Lindas mentirosas: Temporada 5: La chica remolino","29/12/18"
"Lindas mentirosas: Temporada 5: Escape de Nueva York","28/12/18"
"Lindas mentirosas: Temporada 4: A es de aparece","28/12/18"
"Lindas mentirosas: Temporada 4: Novia fugitiva","28/12/18"
"Lindas mentirosas: Temporada 4: Encubriéndome","28/12/18"
"Lindas mentirosas: Temporada 4: Quedando deshecha","27/12/18"
"Lindas mentirosas: Temporada 4: Caída libre","27/12/18"
"Lindas mentirosas: Temporada 4: Juego de sombras","27/12/18"
"Lindas mentirosas: Temporada 4: Quiero al maestro","27/12/18"
"Lindas mentirosas: Temporada 4: Muérdete la lengua","27/12/18"
"Lindas mentirosas: Temporada 4: Encuentros cercanos","27/12/18"
"Lindas mentirosas: Temporada 4: Choza de amor","27/12/18"
"Lindas mentirosas: Temporada 4: ¿Quién está en la caja?","27/12/18"
"Lindas mentirosas: Temporada 4: Nuevo mundo de ultratumba","26/12/18"
"Lindas mentirosas: Temporada 4: Ahora me ven, ahora no","24/12/18"
"Lindas mentirosas: Temporada 4: Entre la paja","24/12/18"
"Lindas mentirosas: Temporada 4: El espejo tiene tres caras","24/12/18"
"Lindas mentirosas: Temporada 4: En lo profundo","24/12/18"
"Lindas mentirosas: Temporada 4: El manual de la chica culpable","24/12/18"
"Lindas mentirosas: Temporada 4: Perdiste el control, amiga","24/12/18"
"Lindas mentirosas: Temporada 4: Bajo presión","24/12/18"
"Lindas mentirosas: Temporada 4: ¡Gamma, zeta, muere!","23/12/18"
"Lindas mentirosas: Temporada 4: Tiempo de rostros","22/12/18"
"Lindas mentirosas: Temporada 4: El enredo","22/12/18"
"ROMA","21/12/18"
"Lindas mentirosas: Temporada 4: La vuelta del zapato","06/12/18"
"Lindas mentirosas: Temporada 4: A está viva","05/12/18"
"Lindas mentirosas: Temporada 4: Una guía de mentirosas por Rosewood","05/12/18"
"Lindas mentirosas: Temporada 3: Un juego peligroso","05/12/18"
"Lindas mentirosas: Temporada 3: Soy tu marioneta","05/12/18"
"Lindas mentirosas: Temporada 3: ¿Volveremos a reunirnos?","05/12/18"
"Lindas mentirosas: Temporada 3: Fuera de mi vista, fuera de sí","05/12/18"
"Tal vez es para siempre","05/12/18"
"Sólo amigos?","28/01/18"
"Lindas mentirosas: Temporada 3: Agua caliente","05/01/18"
"Lindas mentirosas: Temporada 3: ¿Qué pasa con un corazón herido?","05/01/18"
"Lindas mentirosas: Temporada 3: Muerto para mí","05/01/18"
"Lindas mentirosas: Temporada 3: De la sartén al infierno","03/01/18"
"Lindas mentirosas: Temporada 3: La miseria ama la compañía","03/01/18"
"Lindas mentirosas: Temporada 3: Mona-manía","03/01/18"
"Lindas mentirosas: Temporada 3: Está mejor ahora","03/01/18"
"Lindas mentirosas: Temporada 3: Un oscuro paseo","02/01/18"
"Lindas mentirosas: Temporada 3: La dama asesina","01/01/18"
"Lindas mentirosas: Temporada 3: Una mujer asustada","10/12/17"
"Lindas mentirosas: Temporada 3: La verdad oculta","10/12/17"
"Lindas mentirosas: Temporada 3: El juego de Kahn","02/12/17"
"Drácula de Bram Stoker","02/12/17"
"Lindas mentirosas: Temporada 3: Besos robados","25/11/17"
"Lindas mentirosas: Temporada 3: Loca","25/11/17"
"Lindas mentirosas: Temporada 3: Las pistas de A","23/11/17"
"Lindas mentirosas: Temporada 3: Esa niña es veneno","23/11/17"
"Lindas mentirosas: Temporada 3: Aves de la misma pluma","23/11/17"
"Lindas mentirosas: Temporada 3: El reino de los ciegos","23/11/17"
"Lindas mentirosas: Temporada 3: La sangre es el nuevo negro","23/11/17"
"Lindas mentirosas: Temporada 3: Sucedió esa noche","18/11/17"
"Lindas mentirosas: Temporada 2: Desenmascarada","12/11/17"
"Lindas mentirosas: Temporada 2: Si estas muñecas hablaran","12/11/17"
"Lindas mentirosas: Temporada 2: El cristal con que se mira","12/11/17"
"Jane The Virgin: Temporada 1: Capítulo uno (Piloto)","12/11/17"
"Lindas mentirosas: Temporada 2: Papá sabe más","11/11/17"
"Lindas mentirosas: Temporada 2: Descifrando el código","04/11/17"
"Lindas mentirosas: Temporada 2: Control: A","04/11/17"
"Lindas mentirosas: Temporada 2: La dura verdad","04/11/17"
"Lindas mentirosas: Temporada 2: Un beso antes de mentir","04/11/17"
"Lindas mentirosas: Temporada 2: La rubia guiando a la ciega","04/11/17"
"Lindas mentirosas: Temporada 2: Dejen que el agua me retenga","01/11/17"
"Lindas mentirosas: Temporada 2: Un buen pedazo de “A”","01/11/17"
"Lindas mentirosas: Temporada 2: A través de muchos peligros, esfuerzos y trampas","01/11/17"
"Lindas mentirosas: Temporada 2: El primer secreto","01/11/17"
"Lindas mentirosas: Temporada 2: Sobre mi cadáver","01/11/17"
"Lindas mentirosas: Temporada 2: Debo confesar","01/11/17"
"Lindas mentirosas: Temporada 2: Tocada por un ángel","29/10/17"
"Lindas mentirosas: Temporada 2: Fotografía esto","29/10/17"
"Lindas mentirosas: Temporada 2: Reserva la fecha","29/10/17"
"Lindas mentirosas: Temporada 2: Tensión en la superficie","29/10/17"
"Lindas mentirosas: Temporada 2: Jamás te dejaré ir","29/10/17"
"Lindas mentirosas: Temporada 2: El diablo que conoces","15/10/17"
"Lindas mentirosas: Temporada 2: Cita a ciegas","13/10/17"
"Lindas mentirosas: Temporada 2: Mi nombre es Problemas","13/10/17"
"Club de Cuervos: Temporada 1: Hacemos jabón","30/09/17"
"Club de Cuervos: Temporada 1: Sé un capitán","30/09/17"
"Lindas mentirosas: Temporada 2: La mirada del adiós","27/09/17"
"Lindas mentirosas: Temporada 2: Está vivo","27/09/17"
"Lindas mentirosas: Temporada 1: Por quien tocan las campanas","27/09/17"
"Lindas mentirosas: Temporada 1: Monstruos al final","27/09/17"
"Lindas mentirosas: Temporada 1: Alguien que cuide de mí","27/09/17"
"Lindas mentirosas: Temporada 1: Una persona de interés","23/09/17"
"Lindas mentirosas: Temporada 1: La mala semilla","23/09/17"
"Lindas mentirosas: Temporada 1: La nueva normalidad","23/09/17"
"Lindas mentirosas: Temporada 1: Yo soy una amiga","22/09/17"
"Lindas mentirosas: Temporada 1: Si al principio no tienes éxito, miente, miente de nuevo","21/09/17"
"Lindas mentirosas: Temporada 1: Cuidado con lo que deseas","21/09/17"
"Lindas mentirosas: Temporada 1: Conoce a tus amienemigos","21/09/17"
"Lindas mentirosas: Temporada 1: Sal en la herida","21/09/17"
"Lindas mentirosas: Temporada 1: Momentos después","21/09/17"
"Lindas mentirosas: Temporada 1: Mantén cerca a tus amigos","21/09/17"
"Lindas mentirosas: Temporada 1: La tormenta perfecta","21/09/17"
"Lindas mentirosas: Temporada 1: Por favor, hablen de mí cuando ya no esté","21/09/17"
"Lindas mentirosas: Temporada 1: La resaca","21/09/17"
"Lindas mentirosas: Temporada 1: No hay lugar como el hogar","21/09/17"
"Lindas mentirosas: Temporada 1: Enfrentando la realidad","21/09/17"
"Lindas mentirosas: Temporada 1: ¿Pueden oírme ahora?","21/09/17"
"Lindas mentirosas: Temporada 1: Matar a una chica burlona","21/09/17"
"Ted 2","16/09/17"
"12 horas para sobrevivir","16/09/17"
"Lindas mentirosas: Temporada 1: El asunto de Jenna","16/09/17"
"Lindas mentirosas: Temporada 1: Piloto","16/09/17"
"Nerve","16/09/17"
"Minions","16/09/17"
"Guardianes de la galaxia: Temporada 1: El camino a Knowhere","01/09/17"
"Cómo conocí a tu madre: Temporada 1: El duelo","08/08/17"
"Cómo conocí a tu madre: Temporada 1: Agencia matrimonial","08/08/17"
"Cómo conocí a tu madre: Temporada 1: La calabaza liberal","08/08/17"
"Cómo conocí a tu madre: Temporada 1: Ah, qué bien","08/08/17"
"Cómo conocí a tu madre: Temporada 1: El regreso de la camisa","08/08/17"
"Cómo conocí a tu madre: Temporada 1: Dulce sabor a libertad","08/08/17"
"Boyhood: Momentos de una vida","29/07/17"
"13 Reasons Why: Temporada 1: Casete cinco, lado A","29/07/17"
"Cómo conocí a tu madre: Temporada 1: La jirafa púrpura","29/07/17"
"Cómo conocí a tu madre: Temporada 1: Piloto","29/07/17"
"13 Reasons Why: Más allá de las razones","26/07/17"
"13 Reasons Why: Temporada 1: Casete cinco, lado B","26/07/17"
"13 Reasons Why: Temporada 1: Casete siete, lado A","26/07/17"
"13 Reasons Why: Temporada 1: Casete seis, lado B","25/07/17"
"13 Reasons Why: Temporada 1: Casete seis, lado A","25/07/17"
"13 Reasons Why: Temporada 1: Casete cuatro, lado B","25/07/17"
"13 Reasons Why: Temporada 1: Casete cuatro, lado A","25/07/17"
"13 Reasons Why: Temporada 1: Casete tres, lado B","25/07/17"
"Los ilusionistas: Nada es lo que parece","22/07/17"
"El aro 2","22/07/17"
"El aro","22/07/17"
"13 Reasons Why: Temporada 1: Casete tres, lado A","18/07/17"
"13 Reasons Why: Temporada 1: Casete dos, lado B","18/07/17"
"Loco y estúpido amor","14/07/17"
"13 Reasons Why: Temporada 1: Casete dos, lado A","14/07/17"
"13 Reasons Why: Temporada 1: Casete uno, lado B","13/07/17"
"13 Reasons Why: Temporada 1: Casete uno, lado A","13/07/17"
"Los Simpsons - La película","11/07/17"
"Ghost in the Shell","11/07/17"
"Hercules","11/07/17"
"Sombras tenebrosas","11/07/17"
"Extraordinary: The Stan Romanek Story","06/07/17"
"Arrow: Temporada 1: Piloto","05/07/17"
"American Horror Story: Historia de horror americana: Aquelarre: Los mágicos placeres de Stevie Nicks","22/06/17"
"American Horror Story: Historia de horror americana: Aquelarre: La cabeza","22/06/17"
"American Horror Story: Historia de horror americana: Aquelarre: La rendición sagrada","22/06/17"
"American Horror Story: Historia de horror americana: Aquelarre: Los muertos","22/06/17"
"American Horror Story: Historia de horror americana: Aquelarre: La llegada del hachero","22/06/17"
"American Horror Story: Historia de horror americana: Aquelarre: ¡Arde, bruja, arde!","22/06/17"
"American Horror Story: Historia de horror americana: Aquelarre: Bromas aterradoras","22/06/17"
"American Horror Story: Historia de horror americana: Aquelarre: Los reemplazos","22/06/17"
"American Horror Story: Historia de horror americana: Aquelarre: Partes de chicos","22/06/17"
"American Horror Story: Historia de horror americana: Aquelarre: Brujería","22/06/17"
"American Horror Story: Historia de horror americana: Un manicomio: Soy Anne Frank (Parte 1)","22/06/17"
"American Horror Story: Historia de horror americana: Un manicomio: Tormenta del noreste","20/06/17"
"American Horror Story: Historia de horror americana: Un manicomio: Dulce o truco","20/06/17"
"American Horror Story: Historia de horror americana: Un manicomio: Bienvenidos a Briarcliff","20/06/17"
"American Horror Story: Historia de horror americana: La casa del homicidio: Invasión de hogar","17/06/17"
"American Horror Story: Historia de horror americana: La casa del homicidio: Piloto","17/06/17"
